<?xml version="1.0" encoding="utf-8"?>

<!--
- sample-data.xml
-
- Copyright (c) 2019 Rafael Corchuelo.
-
- In keeping with the traditional purpose of furthering education and research, it is
- the policy of the copyright owner to permit non-commercial use and redistribution of
- this software. It has been tested carefully, but it is not guaranteed for any particular
- purposes.  The copyright owner does not offer any warranties or representations, nor do
- they accept any liabilities with respect to them.
-->

<beans xmlns="http://www.springframework.org/schema/beans" xmlns:xsi="http://www.w3.org/2001/XMLSchema-instance"
	xsi:schemaLocation="http://www.springframework.org/schema/beans http://www.springframework.org/schema/beans/spring-beans.xsd">

	<import resource="conversion-service.xml" />
	
	<!-- Announcement -->
	
	<bean id="announcement01" class="acme.entities.announcements.Announcement">
		<property name="title" value="Sample announcement 01" />
		<property name="moment" value="2019/11/4 10:35" />
		<property name="moreInfo"><null/></property>
		<property name="text" value="This is the description of a sample announcement" />

	</bean>

	<bean id="announcement02" class="acme.entities.announcements.Announcement">
		<property name="title" value="Sample announcement 02" />
		<property name="moment" value="2019/06/10 00:00" />
		<property name="moreInfo" value="http://ww.example.com"/>
		<property name="text" value="This is the description of another announcement" />

	</bean>

	<bean id="announcement03" class="acme.entities.announcements.Announcement">
		<property name="title" value="Sample very old announcement 03" />
		<property name="moment" value="1900/06/10 19:10" />
		<property name="moreInfo" value="http://ww.example.com"/>
		<property name="text" value="This is a very old announcement" />

	</bean>
	
	<!-- Solicit -->
	
	<bean id="Solicit01" class="acme.entities.solicits.Solicit">
		<property name="title" value="Request 01"/>
		<property name="moment" value="2019/06/10 10:35"/>
		<property name="deadline" value="2019/06/30 10:35"/>
		<property name="text" value="This is the description of a request"/>
		<property name="reward" value="9000.0 €"/>
		<property name="ticker" value="RABCD-12345"/>
	</bean>
	
	<bean id="Solicit02" class="acme.entities.solicits.Solicit">
		<property name="title" value="Request 02"/>
		<property name="moment" value="2018/07/10 10:35"/>
		<property name="deadline" value="2018/07/29 10:35"/>
		<property name="text" value="This is the description of a request"/>
		<property name="reward" value="2000 €"/>
		<property name="ticker" value="RABCD-12346"/>
	</bean>
	
	<bean id="Solicit03" class="acme.entities.solicits.Solicit">
		<property name="title" value="Request 03"/>
		<property name="moment" value="2019/01/15 10:35"/>
		<property name="deadline" value="2019/01/17 12:00"/>
		<property name="text" value="This is the description of a request"/>
		<property name="reward" value="10000 €"/>
		<property name="ticker" value="REBCD-62345"/>
	</bean>

	<!--Offer -->  
	
	<bean id="offer01" class="acme.entities.offers.Offer">
		<property name="title" value=" Offer 1" />
		<property name="moment" value="1900/06/10 19:10" />
		<property name="deadline" value="2026/06/10 19:10" />
		<property name="maxMoney" value="800€"/>
		<property name="minMoney" value="700€"/>
		<property name="text" value="This is a offer's text"/>
		<property name="ticker" value="OABCD-12345" />
	</bean>
	
	<bean id="offer02" class="acme.entities.offers.Offer">
		<property name="title" value=" Offer 2" />
		<property name="moment" value="2015/06/10 19:10" />
		<property name="deadline" value="2024/06/10 19:10" />
		<property name="maxMoney" value="150€"/>
		<property name="minMoney" value="50€"/>
		<property name="text" value="This is a offer's text"/>
		<property name="ticker" value="OFGHI-67891" />
	</bean>
	
	<!-- Challenge -->
	
	<bean id="challenge01" class="acme.entities.challenges.Challenge">
		<property name="title" value="Challenge 01" />
		<property name="description" value="Description 01" />
		<property name="deadline" value="2029/06/10 19:10" />
		<property name="rewardGold" value="1000€"/>
		<property name="rewardSilver" value="750€"/>
		<property name="rewardBronze" value="500€"/>
	
	</bean>
	
	<bean id="challenge02" class="acme.entities.challenges.Challenge">
		<property name="title" value="Challenge 02" />
		<property name="description" value="Description 02" />
		<property name="deadline" value="2021/06/10 19:10" />
		<property name="rewardGold" value="2000€"/>
		<property name="rewardSilver" value="1500€"/>
		<property name="rewardBronze" value="1000€"/>
	
	</bean>
	
	<bean id="challenge03" class="acme.entities.challenges.Challenge">
		<property name="title" value="Challenge 03" />
		<property name="description" value="Description 03" />
		<property name="deadline" value="2025/06/10 19:10" />
		<property name="rewardGold" value="500€"/>
		<property name="rewardSilver" value="250€"/>
		<property name="rewardBronze" value="100€"/>
	
	</bean>
	
	<!-- Investor Record -->
  
  	<bean id="invRecord01" class="acme.entities.investorRecords.InvestorRecord">
		<property name="name" value="Ozimandias" />
		<property name="sector" value="Construction" />
		<property name="invStatement" value="Currently active"/>
		<property name="stars" value="4" />

	</bean>

	<bean id="invRecord02" class="acme.entities.investorRecords.InvestorRecord">
		<property name="name" value="Lord Ainz" />
		<property name="sector" value="World Domination" />
		<property name="invStatement" value="Currently really really active"/>
		<property name="stars" value="5" />

	</bean>
	
	<bean id="invRecord03" class="acme.entities.investorRecords.InvestorRecord">
		<property name="name" value="Prince Eugene" />
		<property name="sector" value="Harbory" />
		<property name="invStatement" value="First time investing"/>
		<property name="stars"><null/></property>

	</bean>
	
	<!-- Company Record -->
  
  	<bean id="companyRecord01" class="acme.entities.companyRecords.CompanyRecord">
		<property name="name" value="Solutia"/>
		<property name="sector" value="Sector 1"/>
		<property name="ceo" value="CEO 1"/>
		<property name="description" value="Description 1"/>
		<property name="webSite" value="https://gruposolutia.com/"/>
		<property name="phone" value="(9557) 922051"/>
		<property name="email" value="romangutierrez@hotmail.com"/>
		<property name="isIncorporated" value="false" />
		<property name="numberStars" value="0"/>
	
	</bean>
	
	<bean id="companyRecord02" class="acme.entities.companyRecords.CompanyRecord">
		<property name="name" value="Alveys Chocolates"/>
		<property name="sector" value="Sector 2"/>
		<property name="ceo" value="CEO 2"/>
		<property name="description" value="Description 2"/>
		<property name="webSite" value="https://www.alveyschocolates.com/"/>
		<property name="phone" value="+34 (6035) 527401"/>
		<property name="email" value="antoniovidaldimision@gmail.com"/>
		<property name="isIncorporated" value="true" />
		<property name="numberStars" value="2"/>
	</bean>
  
  	<bean id="companyRecord03" class="acme.entities.companyRecords.CompanyRecord">
		<property name="name" value="Acme-Jobs"/>
		<property name="sector" value="Sector 3"/>
		<property name="ceo" value="CEO 3"/>
		<property name="description" value="Description 3"/>
		<property name="webSite" value="https://google.com/"/>
		<property name="phone" value="+999 (4387) 4576329871"/>
		<property name="email" value="antonioromerocaceres@gmail.com"/>
		<property name="isIncorporated" value="false" />
		<property name="numberStars" value="5"/>
	</bean>
	
</beans>
